{
    "model-1-100-100-0.25": {
        "accuracy": 76.1488037109375
    },
    "model-1-100-100-0.5": {
        "accuracy": 52.54560089111328
    },
    "model-1-100-100-0.75": {
        "accuracy": 75.15519714355469
    }
}