{
    "siren-oversampleFalse-graph-100-0.040-small-world-p-0.5.mtx": {
        "accuracy": 95.87898254394531
    },
    "siren-oversampleFalse-graph-100-0.101-small-world-p-0.5.mtx": {
        "accuracy": 89.96815490722656
    }
}