{
    "model-4-100-100-0.25": {
        "accuracy": 76.1488037109375
    },
    "model-5-100-100-0.25": {
        "accuracy": 76.06880187988281
    },
    "model-6-100-100-0.25": {
        "accuracy": 76.06880187988281
    },
    "model-4-100-100-0.5": {
        "accuracy": 52.09600067138672
    },
    "model-5-100-100-0.5": {
        "accuracy": 52.09600067138672
    },
    "model-6-100-100-0.5": {
        "accuracy": 52.09600067138672
    },
    "model-4-100-100-0.75": {
        "accuracy": 76.19519805908203
    },
    "model-5-100-100-0.75": {
        "accuracy": 75.72319793701172
    },
    "model-6-100-100-0.75": {
        "accuracy": 76.16639709472656
    }
}