{
    "model-4-100-100-0.25": {
        "accuracy": 76.1488037109375
    },
    "model-5-100-100-0.25": {
        "accuracy": 76.06880187988281
    }
}