{
    "squeeze-model-4-16-100-0.25": {
        "accuracy": 76.13919830322266
    },
    "squeeze-model-4-32-100-0.25": {
        "accuracy": 76.06880187988281
    }
}